Top-level,Aggregate,Mid-level,Low-level,Disaggregate,Attribute,Unit,Value
All food,,,,,Relative importance,Percent,100
All food,,,,,Month-to-month July 2026 to August 2026,Percent change,0.1
All food,,,,,Year-over-year August 2025 to August 2026,Percent change,2.7
All food,,,,,Year-to-date avg. 2026 to avg. 2025,Percent change,2.5
All food,,,,,Annual 2024,Percent change,2.3
All food,,,,,Annual 2025,Percent change,2.9
All food,,,,,20-year historical average,Percent change,3
All food,,,,,Lower bound of forecast interval 2026,Percent change,2.5
All food,,,,,Midpoint of forecast interval 2026,Percent change,2.9
All food,,,,,Upper bound of forecast interval 2026,Percent change,3.2
All food,,,,,Lower bound of forecast interval 2027,Percent change,-2.7
All food,,,,,Midpoint of forecast interval 2027,Percent change,2
All food,,,,,Upper bound of forecast interval 2027,Percent change,7
All food,Food away from home,,,,Relative importance,Percent,39.2
All food,Food away from home,,,,Month-to-month July 2026 to August 2026,Percent change,0.3
All food,Food away from home,,,,Year-over-year August 2025 to August 2026,Percent change,3.4
All food,Food away from home,,,,Year-to-date avg. 2026 to avg. 2025,Percent change,3
All food,Food away from home,,,,Annual 2024,Percent change,4.1
All food,Food away from home,,,,Annual 2025,Percent change,3.8
All food,Food away from home,,,,20-year historical average,Percent change,3.5
All food,Food away from home,,,,Lower bound of forecast interval 2026,Percent change,3.3
All food,Food away from home,,,,Midpoint of forecast interval 2026,Percent change,3.5
All food,Food away from home,,,,Upper bound of forecast interval 2026,Percent change,3.8
All food,Food away from home,,,,Lower bound of forecast interval 2027,Percent change,0.2
All food,Food away from home,,,,Midpoint of forecast interval 2027,Percent change,2.6
All food,Food away from home,,,,Upper bound of forecast interval 2027,Percent change,5.1
All food,Food at home,,,,Relative importance,Percent,60.8
All food,Food at home,,,,Month-to-month July 2026 to August 2026,Percent change,0
All food,Food at home,,,,Year-over-year August 2025 to August 2026,Percent change,2.2
All food,Food at home,,,,Year-to-date avg. 2026 to avg. 2025,Percent change,2.1
All food,Food at home,,,,Annual 2024,Percent change,1.2
All food,Food at home,,,,Annual 2025,Percent change,2.3
All food,Food at home,,,,20-year historical average,Percent change,2.6
All food,Food at home,,,,Lower bound of forecast interval 2026,Percent change,1.8
All food,Food at home,,,,Midpoint of forecast interval 2026,Percent change,2.4
All food,Food at home,,,,Upper bound of forecast interval 2026,Percent change,3
All food,Food at home,,,,Lower bound of forecast interval 2027,Percent change,-5
All food,Food at home,,,,Midpoint of forecast interval 2027,Percent change,1.8
All food,Food at home,,,,Upper bound of forecast interval 2027,Percent change,9.2
All food,Food at home,"Meats, poultry, and fish",,,Relative importance,Percent,13.6
All food,Food at home,"Meats, poultry, and fish",,,Month-to-month July 2026 to August 2026,Percent change,0.1
All food,Food at home,"Meats, poultry, and fish",,,Year-over-year August 2025 to August 2026,Percent change,3.5
All food,Food at home,"Meats, poultry, and fish",,,Year-to-date avg. 2026 to avg. 2025,Percent change,4.2
All food,Food at home,"Meats, poultry, and fish",,,Annual 2024,Percent change,1.7
All food,Food at home,"Meats, poultry, and fish",,,Annual 2025,Percent change,4.7
All food,Food at home,"Meats, poultry, and fish",,,20-year historical average,Percent change,3.1
All food,Food at home,"Meats, poultry, and fish",,,Lower bound of forecast interval 2026,Percent change,3.6
All food,Food at home,"Meats, poultry, and fish",,,Midpoint of forecast interval 2026,Percent change,4.7
All food,Food at home,"Meats, poultry, and fish",,,Upper bound of forecast interval 2026,Percent change,5.8
All food,Food at home,"Meats, poultry, and fish",,,Lower bound of forecast interval 2027,Percent change,-4.8
All food,Food at home,"Meats, poultry, and fish",,,Midpoint of forecast interval 2027,Percent change,2.5
All food,Food at home,"Meats, poultry, and fish",,,Upper bound of forecast interval 2027,Percent change,10.8
All food,Food at home,"Meats, poultry, and fish",Meats,,Relative importance,Percent,8.7
All food,Food at home,"Meats, poultry, and fish",Meats,,Month-to-month July 2026 to August 2026,Percent change,-0.1
All food,Food at home,"Meats, poultry, and fish",Meats,,Year-over-year August 2025 to August 2026,Percent change,3.6
All food,Food at home,"Meats, poultry, and fish",Meats,,Year-to-date avg. 2026 to avg. 2025,Percent change,5
All food,Food at home,"Meats, poultry, and fish",Meats,,Annual 2024,Percent change,2.8
All food,Food at home,"Meats, poultry, and fish",Meats,,Annual 2025,Percent change,6.3
All food,Food at home,"Meats, poultry, and fish",Meats,,20-year historical average,Percent change,3.3
All food,Food at home,"Meats, poultry, and fish",Meats,,Lower bound of forecast interval 2026,Percent change,3.7
All food,Food at home,"Meats, poultry, and fish",Meats,,Midpoint of forecast interval 2026,Percent change,5.2
All food,Food at home,"Meats, poultry, and fish",Meats,,Upper bound of forecast interval 2026,Percent change,6.6
All food,Food at home,"Meats, poultry, and fish",Meats,,Lower bound of forecast interval 2027,Percent change,-8.7
All food,Food at home,"Meats, poultry, and fish",Meats,,Midpoint of forecast interval 2027,Percent change,1.1
All food,Food at home,"Meats, poultry, and fish",Meats,,Upper bound of forecast interval 2027,Percent change,11.7
All food,Food at home,"Meats, poultry, and fish",Meats,Beef and veal,Relative importance,Percent,4.7
All food,Food at home,"Meats, poultry, and fish",Meats,Beef and veal,Month-to-month July 2026 to August 2026,Percent change,-0.6
All food,Food at home,"Meats, poultry, and fish",Meats,Beef and veal,Year-over-year August 2025 to August 2026,Percent change,5.9
All food,Food at home,"Meats, poultry, and fish",Meats,Beef and veal,Year-to-date avg. 2026 to avg. 2025,Percent change,8.7
All food,Food at home,"Meats, poultry, and fish",Meats,Beef and veal,Annual 2024,Percent change,5.4
All food,Food at home,"Meats, poultry, and fish",Meats,Beef and veal,Annual 2025,Percent change,11.6
All food,Food at home,"Meats, poultry, and fish",Meats,Beef and veal,20-year historical average,Percent change,4.5
All food,Food at home,"Meats, poultry, and fish",Meats,Beef and veal,Lower bound of forecast interval 2026,Percent change,7.4
All food,Food at home,"Meats, poultry, and fish",Meats,Beef and veal,Midpoint of forecast interval 2026,Percent change,9.4
All food,Food at home,"Meats, poultry, and fish",Meats,Beef and veal,Upper bound of forecast interval 2026,Percent change,11.6
All food,Food at home,"Meats, poultry, and fish",Meats,Beef and veal,Lower bound of forecast interval 2027,Percent change,-7.7
All food,Food at home,"Meats, poultry, and fish",Meats,Beef and veal,Midpoint of forecast interval 2027,Percent change,4.7
All food,Food at home,"Meats, poultry, and fish",Meats,Beef and veal,Upper bound of forecast interval 2027,Percent change,18.9
All food,Food at home,"Meats, poultry, and fish",Meats,Pork,Relative importance,Percent,2.5
All food,Food at home,"Meats, poultry, and fish",Meats,Pork,Month-to-month July 2026 to August 2026,Percent change,0.4
All food,Food at home,"Meats, poultry, and fish",Meats,Pork,Year-over-year August 2025 to August 2026,Percent change,0.6
All food,Food at home,"Meats, poultry, and fish",Meats,Pork,Year-to-date avg. 2026 to avg. 2025,Percent change,0.9
All food,Food at home,"Meats, poultry, and fish",Meats,Pork,Annual 2024,Percent change,1.3
All food,Food at home,"Meats, poultry, and fish",Meats,Pork,Annual 2025,Percent change,1.5
All food,Food at home,"Meats, poultry, and fish",Meats,Pork,20-year historical average,Percent change,2.2
All food,Food at home,"Meats, poultry, and fish",Meats,Pork,Lower bound of forecast interval 2026,Percent change,-0.1
All food,Food at home,"Meats, poultry, and fish",Meats,Pork,Midpoint of forecast interval 2026,Percent change,1.2
All food,Food at home,"Meats, poultry, and fish",Meats,Pork,Upper bound of forecast interval 2026,Percent change,2.6
All food,Food at home,"Meats, poultry, and fish",Meats,Pork,Lower bound of forecast interval 2027,Percent change,-8.1
All food,Food at home,"Meats, poultry, and fish",Meats,Pork,Midpoint of forecast interval 2027,Percent change,0.5
All food,Food at home,"Meats, poultry, and fish",Meats,Pork,Upper bound of forecast interval 2027,Percent change,10.1
All food,Food at home,"Meats, poultry, and fish",Meats,Other meats,Relative importance,Percent,1.4
All food,Food at home,"Meats, poultry, and fish",Meats,Other meats,Month-to-month July 2026 to August 2026,Percent change,0.7
All food,Food at home,"Meats, poultry, and fish",Meats,Other meats,Year-over-year August 2025 to August 2026,Percent change,1.5
All food,Food at home,"Meats, poultry, and fish",Meats,Other meats,Year-to-date avg. 2026 to avg. 2025,Percent change,1.4
All food,Food at home,"Meats, poultry, and fish",Meats,Other meats,Annual 2024,Percent change,0.3
All food,Food at home,"Meats, poultry, and fish",Meats,Other meats,Annual 2025,Percent change,1.5
All food,Food at home,"Meats, poultry, and fish",Meats,Other meats,20-year historical average,Percent change,2.6
All food,Food at home,"Meats, poultry, and fish",Meats,Other meats,Lower bound of forecast interval 2026,Percent change,0.7
All food,Food at home,"Meats, poultry, and fish",Meats,Other meats,Midpoint of forecast interval 2026,Percent change,1.6
All food,Food at home,"Meats, poultry, and fish",Meats,Other meats,Upper bound of forecast interval 2026,Percent change,2.6
All food,Food at home,"Meats, poultry, and fish",Meats,Other meats,Lower bound of forecast interval 2027,Percent change,-5.8
All food,Food at home,"Meats, poultry, and fish",Meats,Other meats,Midpoint of forecast interval 2027,Percent change,-0.3
All food,Food at home,"Meats, poultry, and fish",Meats,Other meats,Upper bound of forecast interval 2027,Percent change,5.9
All food,Food at home,"Meats, poultry, and fish",Poultry,,Relative importance,Percent,2.6
All food,Food at home,"Meats, poultry, and fish",Poultry,,Month-to-month July 2026 to August 2026,Percent change,0.6
All food,Food at home,"Meats, poultry, and fish",Poultry,,Year-over-year August 2025 to August 2026,Percent change,0.5
All food,Food at home,"Meats, poultry, and fish",Poultry,,Year-to-date avg. 2026 to avg. 2025,Percent change,0.8
All food,Food at home,"Meats, poultry, and fish",Poultry,,Annual 2024,Percent change,0.8
All food,Food at home,"Meats, poultry, and fish",Poultry,,Annual 2025,Percent change,1.8
All food,Food at home,"Meats, poultry, and fish",Poultry,,20-year historical average,Percent change,2.7
All food,Food at home,"Meats, poultry, and fish",Poultry,,Lower bound of forecast interval 2026,Percent change,0
All food,Food at home,"Meats, poultry, and fish",Poultry,,Midpoint of forecast interval 2026,Percent change,1
All food,Food at home,"Meats, poultry, and fish",Poultry,,Upper bound of forecast interval 2026,Percent change,2.1
All food,Food at home,"Meats, poultry, and fish",Poultry,,Lower bound of forecast interval 2027,Percent change,-5.4
All food,Food at home,"Meats, poultry, and fish",Poultry,,Midpoint of forecast interval 2027,Percent change,1.5
All food,Food at home,"Meats, poultry, and fish",Poultry,,Upper bound of forecast interval 2027,Percent change,8.8
All food,Food at home,"Meats, poultry, and fish",Fish and seafood,,Relative importance,Percent,2.4
All food,Food at home,"Meats, poultry, and fish",Fish and seafood,,Month-to-month July 2026 to August 2026,Percent change,0
All food,Food at home,"Meats, poultry, and fish",Fish and seafood,,Year-over-year August 2025 to August 2026,Percent change,6.5
All food,Food at home,"Meats, poultry, and fish",Fish and seafood,,Year-to-date avg. 2026 to avg. 2025,Percent change,5.3
All food,Food at home,"Meats, poultry, and fish",Fish and seafood,,Annual 2024,Percent change,-1.9
All food,Food at home,"Meats, poultry, and fish",Fish and seafood,,Annual 2025,Percent change,2
All food,Food at home,"Meats, poultry, and fish",Fish and seafood,,20-year historical average,Percent change,3
All food,Food at home,"Meats, poultry, and fish",Fish and seafood,,Lower bound of forecast interval 2026,Percent change,5
All food,Food at home,"Meats, poultry, and fish",Fish and seafood,,Midpoint of forecast interval 2026,Percent change,5.9
All food,Food at home,"Meats, poultry, and fish",Fish and seafood,,Upper bound of forecast interval 2026,Percent change,6.8
All food,Food at home,"Meats, poultry, and fish",Fish and seafood,,Lower bound of forecast interval 2027,Percent change,-3.8
All food,Food at home,"Meats, poultry, and fish",Fish and seafood,,Midpoint of forecast interval 2027,Percent change,1.3
All food,Food at home,"Meats, poultry, and fish",Fish and seafood,,Upper bound of forecast interval 2027,Percent change,6.6
All food,Food at home,Eggs,,,Relative importance,Percent,0.8
All food,Food at home,Eggs,,,Month-to-month July 2026 to August 2026,Percent change,3.5
All food,Food at home,Eggs,,,Year-over-year August 2025 to August 2026,Percent change,-23
All food,Food at home,Eggs,,,Year-to-date avg. 2026 to avg. 2025,Percent change,-29.7
All food,Food at home,Eggs,,,Annual 2024,Percent change,8.5
All food,Food at home,Eggs,,,Annual 2025,Percent change,21.9
All food,Food at home,Eggs,,,20-year historical average,Percent change,6
All food,Food at home,Eggs,,,Lower bound of forecast interval 2026,Percent change,-32.9
All food,Food at home,Eggs,,,Midpoint of forecast interval 2026,Percent change,-29.4
All food,Food at home,Eggs,,,Upper bound of forecast interval 2026,Percent change,-25.2
All food,Food at home,Eggs,,,Lower bound of forecast interval 2027,Percent change,-30.3
All food,Food at home,Eggs,,,Midpoint of forecast interval 2027,Percent change,0.8
All food,Food at home,Eggs,,,Upper bound of forecast interval 2027,Percent change,47.8
All food,Food at home,Dairy products,,,Relative importance,Percent,5.5
All food,Food at home,Dairy products,,,Month-to-month July 2026 to August 2026,Percent change,0.3
All food,Food at home,Dairy products,,,Year-over-year August 2025 to August 2026,Percent change,-0.3
All food,Food at home,Dairy products,,,Year-to-date avg. 2026 to avg. 2025,Percent change,-0.2
All food,Food at home,Dairy products,,,Annual 2024,Percent change,-0.2
All food,Food at home,Dairy products,,,Annual 2025,Percent change,0.8
All food,Food at home,Dairy products,,,20-year historical average,Percent change,2.1
All food,Food at home,Dairy products,,,Lower bound of forecast interval 2026,Percent change,-0.6
All food,Food at home,Dairy products,,,Midpoint of forecast interval 2026,Percent change,0.1
All food,Food at home,Dairy products,,,Upper bound of forecast interval 2026,Percent change,0.8
All food,Food at home,Dairy products,,,Lower bound of forecast interval 2027,Percent change,-5
All food,Food at home,Dairy products,,,Midpoint of forecast interval 2027,Percent change,1.5
All food,Food at home,Dairy products,,,Upper bound of forecast interval 2027,Percent change,8.4
All food,Food at home,Fats and oils,,,Relative importance,Percent,1.6
All food,Food at home,Fats and oils,,,Month-to-month July 2026 to August 2026,Percent change,1.4
All food,Food at home,Fats and oils,,,Year-over-year August 2025 to August 2026,Percent change,-0.3
All food,Food at home,Fats and oils,,,Year-to-date avg. 2026 to avg. 2025,Percent change,-1.1
All food,Food at home,Fats and oils,,,Annual 2024,Percent change,2.4
All food,Food at home,Fats and oils,,,Annual 2025,Percent change,-0.8
All food,Food at home,Fats and oils,,,20-year historical average,Percent change,3.3
All food,Food at home,Fats and oils,,,Lower bound of forecast interval 2026,Percent change,-1.7
All food,Food at home,Fats and oils,,,Midpoint of forecast interval 2026,Percent change,-0.8
All food,Food at home,Fats and oils,,,Upper bound of forecast interval 2026,Percent change,0.2
All food,Food at home,Fats and oils,,,Lower bound of forecast interval 2027,Percent change,-9.8
All food,Food at home,Fats and oils,,,Midpoint of forecast interval 2027,Percent change,3.4
All food,Food at home,Fats and oils,,,Upper bound of forecast interval 2027,Percent change,19
All food,Food at home,Fruits and vegetables,,,Relative importance,Percent,9.5
All food,Food at home,Fruits and vegetables,,,Month-to-month July 2026 to August 2026,Percent change,-0.6
All food,Food at home,Fruits and vegetables,,,Year-over-year August 2025 to August 2026,Percent change,3.2
All food,Food at home,Fruits and vegetables,,,Year-to-date avg. 2026 to avg. 2025,Percent change,3.7
All food,Food at home,Fruits and vegetables,,,Annual 2024,Percent change,0.7
All food,Food at home,Fruits and vegetables,,,Annual 2025,Percent change,0.3
All food,Food at home,Fruits and vegetables,,,20-year historical average,Percent change,2
All food,Food at home,Fruits and vegetables,,,Lower bound of forecast interval 2026,Percent change,3
All food,Food at home,Fruits and vegetables,,,Midpoint of forecast interval 2026,Percent change,3.9
All food,Food at home,Fruits and vegetables,,,Upper bound of forecast interval 2026,Percent change,4.7
All food,Food at home,Fruits and vegetables,,,Lower bound of forecast interval 2027,Percent change,-4.1
All food,Food at home,Fruits and vegetables,,,Midpoint of forecast interval 2027,Percent change,1.2
All food,Food at home,Fruits and vegetables,,,Upper bound of forecast interval 2027,Percent change,7
All food,Food at home,Fruits and vegetables,Fresh fruits and vegetables,,Relative importance,Percent,7.5
All food,Food at home,Fruits and vegetables,Fresh fruits and vegetables,,Month-to-month July 2026 to August 2026,Percent change,-0.6
All food,Food at home,Fruits and vegetables,Fresh fruits and vegetables,,Year-over-year August 2025 to August 2026,Percent change,3.1
All food,Food at home,Fruits and vegetables,Fresh fruits and vegetables,,Year-to-date avg. 2026 to avg. 2025,Percent change,3.8
All food,Food at home,Fruits and vegetables,Fresh fruits and vegetables,,Annual 2024,Percent change,0.7
All food,Food at home,Fruits and vegetables,Fresh fruits and vegetables,,Annual 2025,Percent change,0.3
All food,Food at home,Fruits and vegetables,Fresh fruits and vegetables,,20-year historical average,Percent change,1.7
All food,Food at home,Fruits and vegetables,Fresh fruits and vegetables,,Lower bound of forecast interval 2026,Percent change,2.9
All food,Food at home,Fruits and vegetables,Fresh fruits and vegetables,,Midpoint of forecast interval 2026,Percent change,3.9
All food,Food at home,Fruits and vegetables,Fresh fruits and vegetables,,Upper bound of forecast interval 2026,Percent change,5
All food,Food at home,Fruits and vegetables,Fresh fruits and vegetables,,Lower bound of forecast interval 2027,Percent change,-4.9
All food,Food at home,Fruits and vegetables,Fresh fruits and vegetables,,Midpoint of forecast interval 2027,Percent change,1.4
All food,Food at home,Fruits and vegetables,Fresh fruits and vegetables,,Upper bound of forecast interval 2027,Percent change,8.2
All food,Food at home,Fruits and vegetables,Fresh fruits and vegetables,Fresh fruits,Relative importance,Percent,3.9
All food,Food at home,Fruits and vegetables,Fresh fruits and vegetables,Fresh fruits,Month-to-month July 2026 to August 2026,Percent change,-0.5
All food,Food at home,Fruits and vegetables,Fresh fruits and vegetables,Fresh fruits,Year-over-year August 2025 to August 2026,Percent change,3.8
All food,Food at home,Fruits and vegetables,Fresh fruits and vegetables,Fresh fruits,Year-to-date avg. 2026 to avg. 2025,Percent change,1.8
All food,Food at home,Fruits and vegetables,Fresh fruits and vegetables,Fresh fruits,Annual 2024,Percent change,0.4
All food,Food at home,Fruits and vegetables,Fresh fruits and vegetables,Fresh fruits,Annual 2025,Percent change,1
All food,Food at home,Fruits and vegetables,Fresh fruits and vegetables,Fresh fruits,20-year historical average,Percent change,1.7
All food,Food at home,Fruits and vegetables,Fresh fruits and vegetables,Fresh fruits,Lower bound of forecast interval 2026,Percent change,1.5
All food,Food at home,Fruits and vegetables,Fresh fruits and vegetables,Fresh fruits,Midpoint of forecast interval 2026,Percent change,2.5
All food,Food at home,Fruits and vegetables,Fresh fruits and vegetables,Fresh fruits,Upper bound of forecast interval 2026,Percent change,3.7
All food,Food at home,Fruits and vegetables,Fresh fruits and vegetables,Fresh fruits,Lower bound of forecast interval 2027,Percent change,-4.5
All food,Food at home,Fruits and vegetables,Fresh fruits and vegetables,Fresh fruits,Midpoint of forecast interval 2027,Percent change,2.3
All food,Food at home,Fruits and vegetables,Fresh fruits and vegetables,Fresh fruits,Upper bound of forecast interval 2027,Percent change,9.6
All food,Food at home,Fruits and vegetables,Fresh fruits and vegetables,Fresh vegetables,Relative importance,Percent,3.6
All food,Food at home,Fruits and vegetables,Fresh fruits and vegetables,Fresh vegetables,Month-to-month July 2026 to August 2026,Percent change,-0.8
All food,Food at home,Fruits and vegetables,Fresh fruits and vegetables,Fresh vegetables,Year-over-year August 2025 to August 2026,Percent change,2.6
All food,Food at home,Fruits and vegetables,Fresh fruits and vegetables,Fresh vegetables,Year-to-date avg. 2026 to avg. 2025,Percent change,6
All food,Food at home,Fruits and vegetables,Fresh fruits and vegetables,Fresh vegetables,Annual 2024,Percent change,1
All food,Food at home,Fruits and vegetables,Fresh fruits and vegetables,Fresh vegetables,Annual 2025,Percent change,-0.4
All food,Food at home,Fruits and vegetables,Fresh fruits and vegetables,Fresh vegetables,20-year historical average,Percent change,1.7
All food,Food at home,Fruits and vegetables,Fresh fruits and vegetables,Fresh vegetables,Lower bound of forecast interval 2026,Percent change,4.3
All food,Food at home,Fruits and vegetables,Fresh fruits and vegetables,Fresh vegetables,Midpoint of forecast interval 2026,Percent change,5.7
All food,Food at home,Fruits and vegetables,Fresh fruits and vegetables,Fresh vegetables,Upper bound of forecast interval 2026,Percent change,7.2
All food,Food at home,Fruits and vegetables,Fresh fruits and vegetables,Fresh vegetables,Lower bound of forecast interval 2027,Percent change,-9.3
All food,Food at home,Fruits and vegetables,Fresh fruits and vegetables,Fresh vegetables,Midpoint of forecast interval 2027,Percent change,-0.5
All food,Food at home,Fruits and vegetables,Fresh fruits and vegetables,Fresh vegetables,Upper bound of forecast interval 2027,Percent change,9.2
All food,Food at home,Fruits and vegetables,Processed fruits and vegetables,,Relative importance,Percent,2
All food,Food at home,Fruits and vegetables,Processed fruits and vegetables,,Month-to-month July 2026 to August 2026,Percent change,-0.2
All food,Food at home,Fruits and vegetables,Processed fruits and vegetables,,Year-over-year August 2025 to August 2026,Percent change,3.2
All food,Food at home,Fruits and vegetables,Processed fruits and vegetables,,Year-to-date avg. 2026 to avg. 2025,Percent change,3.1
All food,Food at home,Fruits and vegetables,Processed fruits and vegetables,,Annual 2024,Percent change,0.9
All food,Food at home,Fruits and vegetables,Processed fruits and vegetables,,Annual 2025,Percent change,1.2
All food,Food at home,Fruits and vegetables,Processed fruits and vegetables,,20-year historical average,Percent change,2.8
All food,Food at home,Fruits and vegetables,Processed fruits and vegetables,,Lower bound of forecast interval 2026,Percent change,2.3
All food,Food at home,Fruits and vegetables,Processed fruits and vegetables,,Midpoint of forecast interval 2026,Percent change,3.1
All food,Food at home,Fruits and vegetables,Processed fruits and vegetables,,Upper bound of forecast interval 2026,Percent change,4
All food,Food at home,Fruits and vegetables,Processed fruits and vegetables,,Lower bound of forecast interval 2027,Percent change,-2.2
All food,Food at home,Fruits and vegetables,Processed fruits and vegetables,,Midpoint of forecast interval 2027,Percent change,2.8
All food,Food at home,Fruits and vegetables,Processed fruits and vegetables,,Upper bound of forecast interval 2027,Percent change,8
All food,Food at home,Sugar and sweets,,,Relative importance,Percent,2.4
All food,Food at home,Sugar and sweets,,,Month-to-month July 2026 to August 2026,Percent change,-0.3
All food,Food at home,Sugar and sweets,,,Year-over-year August 2025 to August 2026,Percent change,6.1
All food,Food at home,Sugar and sweets,,,Year-to-date avg. 2026 to avg. 2025,Percent change,6
All food,Food at home,Sugar and sweets,,,Annual 2024,Percent change,3
All food,Food at home,Sugar and sweets,,,Annual 2025,Percent change,5.1
All food,Food at home,Sugar and sweets,,,20-year historical average,Percent change,3.1
All food,Food at home,Sugar and sweets,,,Lower bound of forecast interval 2026,Percent change,5.8
All food,Food at home,Sugar and sweets,,,Midpoint of forecast interval 2026,Percent change,6.6
All food,Food at home,Sugar and sweets,,,Upper bound of forecast interval 2026,Percent change,7.4
All food,Food at home,Sugar and sweets,,,Lower bound of forecast interval 2027,Percent change,-2.1
All food,Food at home,Sugar and sweets,,,Midpoint of forecast interval 2027,Percent change,3.4
All food,Food at home,Sugar and sweets,,,Upper bound of forecast interval 2027,Percent change,9.3
All food,Food at home,Cereals and bakery products,,,Relative importance,Percent,7.6
All food,Food at home,Cereals and bakery products,,,Month-to-month July 2026 to August 2026,Percent change,-0.2
All food,Food at home,Cereals and bakery products,,,Year-over-year August 2025 to August 2026,Percent change,2.6
All food,Food at home,Cereals and bakery products,,,Year-to-date avg. 2026 to avg. 2025,Percent change,2.2
All food,Food at home,Cereals and bakery products,,,Annual 2024,Percent change,0.5
All food,Food at home,Cereals and bakery products,,,Annual 2025,Percent change,1
All food,Food at home,Cereals and bakery products,,,20-year historical average,Percent change,2.8
All food,Food at home,Cereals and bakery products,,,Lower bound of forecast interval 2026,Percent change,1.9
All food,Food at home,Cereals and bakery products,,,Midpoint of forecast interval 2026,Percent change,2.5
All food,Food at home,Cereals and bakery products,,,Upper bound of forecast interval 2026,Percent change,3.1
All food,Food at home,Cereals and bakery products,,,Lower bound of forecast interval 2027,Percent change,-4.8
All food,Food at home,Cereals and bakery products,,,Midpoint of forecast interval 2027,Percent change,2.4
All food,Food at home,Cereals and bakery products,,,Upper bound of forecast interval 2027,Percent change,10.3
All food,Food at home,Nonalcoholic beverages,,,Relative importance,Percent,7.3
All food,Food at home,Nonalcoholic beverages,,,Month-to-month July 2026 to August 2026,Percent change,0.2
All food,Food at home,Nonalcoholic beverages,,,Year-over-year August 2025 to August 2026,Percent change,3.7
All food,Food at home,Nonalcoholic beverages,,,Year-to-date avg. 2026 to avg. 2025,Percent change,3.9
All food,Food at home,Nonalcoholic beverages,,,Annual 2024,Percent change,2
All food,Food at home,Nonalcoholic beverages,,,Annual 2025,Percent change,3.8
All food,Food at home,Nonalcoholic beverages,,,20-year historical average,Percent change,2.4
All food,Food at home,Nonalcoholic beverages,,,Lower bound of forecast interval 2026,Percent change,3.5
All food,Food at home,Nonalcoholic beverages,,,Midpoint of forecast interval 2026,Percent change,4.2
All food,Food at home,Nonalcoholic beverages,,,Upper bound of forecast interval 2026,Percent change,5
All food,Food at home,Nonalcoholic beverages,,,Lower bound of forecast interval 2027,Percent change,-2.9
All food,Food at home,Nonalcoholic beverages,,,Midpoint of forecast interval 2027,Percent change,2.6
All food,Food at home,Nonalcoholic beverages,,,Upper bound of forecast interval 2027,Percent change,8.5
All food,Food at home,Other foods,,,Relative importance,Percent,12.5
All food,Food at home,Other foods,,,Month-to-month July 2026 to August 2026,Percent change,-0.3
All food,Food at home,Other foods,,,Year-over-year August 2025 to August 2026,Percent change,2.1
All food,Food at home,Other foods,,,Year-to-date avg. 2026 to avg. 2025,Percent change,2
All food,Food at home,Other foods,,,Annual 2024,Percent change,0.6
All food,Food at home,Other foods,,,Annual 2025,Percent change,0.9
All food,Food at home,Other foods,,,20-year historical average,Percent change,2.4
All food,Food at home,Other foods,,,Lower bound of forecast interval 2026,Percent change,1.5
All food,Food at home,Other foods,,,Midpoint of forecast interval 2026,Percent change,2.1
All food,Food at home,Other foods,,,Upper bound of forecast interval 2026,Percent change,2.8
All food,Food at home,Other foods,,,Lower bound of forecast interval 2027,Percent change,-5.9
All food,Food at home,Other foods,,,Midpoint of forecast interval 2027,Percent change,1.5
All food,Food at home,Other foods,,,Upper bound of forecast interval 2027,Percent change,9.6
