measure,value,kind
cpi_food_at_home.period,2026-08,source-reported or period label
cpi_food_at_home.prior_year_period,2025-08,source-reported or period label
cpi_food_at_home.prior_year_value,314.608,source-reported or period label
cpi_food_at_home.two_years_back_period,2024-08,source-reported or period label
cpi_food_at_home.two_years_back_value,306.402,source-reported or period label
cpi_food_at_home.value,321.5,source-reported or period label
cpi_food_at_home.vs_two_years_pct,4.9,calculated
cpi_food_at_home.yoy_pct,2.2,calculated
cpi_food_away_from_home.period,2026-08,source-reported or period label
cpi_food_away_from_home.prior_year_period,2025-08,source-reported or period label
cpi_food_away_from_home.prior_year_value,384.909,source-reported or period label
cpi_food_away_from_home.two_years_back_period,2024-08,source-reported or period label
cpi_food_away_from_home.two_years_back_value,370.348,source-reported or period label
cpi_food_away_from_home.value,397.868,source-reported or period label
cpi_food_away_from_home.vs_two_years_pct,7.4,calculated
cpi_food_away_from_home.yoy_pct,3.4,calculated
dmr_annual.2015.pounds,122663391.0,source-reported or period label
dmr_annual.2015.usd_per_lb,4.1,source-reported or period label
dmr_annual.2015.value_usd,502450308.0,source-reported or period label
dmr_annual.2016.pounds,132604691.0,source-reported or period label
dmr_annual.2016.usd_per_lb,4.08,source-reported or period label
dmr_annual.2016.value_usd,540671928.0,source-reported or period label
dmr_annual.2017.pounds,112101211.0,source-reported or period label
dmr_annual.2017.usd_per_lb,3.92,source-reported or period label
dmr_annual.2017.value_usd,438976768.0,source-reported or period label
dmr_annual.2018.pounds,121039987.0,source-reported or period label
dmr_annual.2018.usd_per_lb,4.05,source-reported or period label
dmr_annual.2018.value_usd,490596147.0,source-reported or period label
dmr_annual.2019.pounds,102251476.0,source-reported or period label
dmr_annual.2019.usd_per_lb,4.82,source-reported or period label
dmr_annual.2019.value_usd,493125879.0,source-reported or period label
dmr_annual.2020.pounds,97954590.0,source-reported or period label
dmr_annual.2020.usd_per_lb,4.21,source-reported or period label
dmr_annual.2020.value_usd,412629230.0,source-reported or period label
dmr_annual.2021.pounds,110704228.0,source-reported or period label
dmr_annual.2021.usd_per_lb,6.71,source-reported or period label
dmr_annual.2021.value_usd,742989020.0,source-reported or period label
dmr_annual.2022.pounds,98985320.0,source-reported or period label
dmr_annual.2022.usd_per_lb,3.97,source-reported or period label
dmr_annual.2022.value_usd,393277277.0,source-reported or period label
dmr_annual.2023.pounds,96965543.0,source-reported or period label
dmr_annual.2023.usd_per_lb,4.97,source-reported or period label
dmr_annual.2023.value_usd,482061884.0,source-reported or period label
dmr_annual.2024.pounds,87279523.0,source-reported or period label
dmr_annual.2024.usd_per_lb,6.15,source-reported or period label
dmr_annual.2024.value_usd,536466702.0,source-reported or period label
dmr_annual.2025.pounds,78826683.0,source-reported or period label
dmr_annual.2025.usd_per_lb,5.85,source-reported or period label
dmr_annual.2025.value_usd,461384405.0,source-reported or period label
dmr_ex_vessel_september.2020,4.2893,source-reported or period label
dmr_ex_vessel_september.2021,6.9783,source-reported or period label
dmr_ex_vessel_september.2022,3.709,source-reported or period label
dmr_ex_vessel_september.2023,4.991,source-reported or period label
dmr_ex_vessel_september.2024,6.2815,source-reported or period label
dmr_ex_vessel_september.2025,6.1507,source-reported or period label
dmr_ex_vessel_september.yoy_pct,-2.1,calculated
dmr_landings_decline.change_pct,-40.6,calculated
dmr_landings_decline.latest_is_preliminary,True,calculated
dmr_landings_decline.latest_pounds,78826683.0,calculated
dmr_landings_decline.latest_year,2025,calculated
dmr_landings_decline.peak_pounds,132604691.0,calculated
dmr_landings_decline.peak_year,2016,calculated
dmr_latest_period,2025-12,source-reported or period label
ers_food_price_outlook.Fish and seafood — Lower bound of forecast interval 2027,-4.2,source-reported or period label
ers_food_price_outlook.Fish and seafood — Mid point of forecast interval 2026,5.9,source-reported or period label
ers_food_price_outlook.Fish and seafood — Mid point of forecast interval 2027,1.2,source-reported or period label
ers_food_price_outlook.Fish and seafood — Upper bound of forecast interval 2027,7.0,source-reported or period label
ers_food_price_outlook.Fish and seafood — Year-over-year July 2025 to July 2026,7.0,source-reported or period label
ers_food_price_outlook.Food away from home — Mid point of forecast interval 2026,3.6,source-reported or period label
ers_food_price_outlook.Food away from home — Mid point of forecast interval 2027,2.7,source-reported or period label
ers_food_price_outlook.Food away from home — Year-over-year July 2025 to July 2026,3.4,source-reported or period label
noaa_import_kilos_portland.period,2026-07,source-reported or period label
noaa_import_kilos_portland.prior_year_period,2025-07,source-reported or period label
noaa_import_kilos_portland.prior_year_value,1848515.0,source-reported or period label
noaa_import_kilos_portland.two_years_back_period,2024-07,source-reported or period label
noaa_import_kilos_portland.two_years_back_value,,source-reported or period label
noaa_import_kilos_portland.value,805900.0,source-reported or period label
noaa_import_kilos_portland.vs_two_years_pct,,calculated
noaa_import_kilos_portland.yoy_pct,-56.4,calculated
noaa_import_kilos_portland_ytd.2025,15456920.0,calculated
noaa_import_kilos_portland_ytd.2026,13614855.0,calculated
noaa_import_kilos_portland_ytd.change_pct,-11.9,calculated
noaa_import_kilos_portland_ytd.through_month,07,calculated
noaa_import_unit_value_portland.period,2026-07,source-reported or period label
noaa_import_unit_value_portland.prior_year_period,2025-07,source-reported or period label
noaa_import_unit_value_portland.prior_year_value,8.3015,source-reported or period label
noaa_import_unit_value_portland.two_years_back_period,2024-07,source-reported or period label
noaa_import_unit_value_portland.two_years_back_value,,source-reported or period label
noaa_import_unit_value_portland.value,8.4058,source-reported or period label
noaa_import_unit_value_portland.vs_two_years_pct,,calculated
noaa_import_unit_value_portland.yoy_pct,1.3,calculated
ppi_finished_consumer_foods.period,2026-08,source-reported or period label
ppi_finished_consumer_foods.prior_year_period,2025-08,source-reported or period label
ppi_finished_consumer_foods.prior_year_value,284.648,source-reported or period label
ppi_finished_consumer_foods.two_years_back_period,2024-08,source-reported or period label
ppi_finished_consumer_foods.two_years_back_value,276.049,source-reported or period label
ppi_finished_consumer_foods.value,283.335,source-reported or period label
ppi_finished_consumer_foods.vs_two_years_pct,2.6,calculated
ppi_finished_consumer_foods.yoy_pct,-0.5,calculated
ppi_lobsters.period,2026-08,source-reported or period label
ppi_lobsters.prior_year_period,2025-08,source-reported or period label
ppi_lobsters.prior_year_value,201.749,source-reported or period label
ppi_lobsters.two_years_back_period,2024-08,source-reported or period label
ppi_lobsters.two_years_back_value,199.803,source-reported or period label
ppi_lobsters.value,191.941,source-reported or period label
ppi_lobsters.vs_two_years_pct,-3.9,calculated
ppi_lobsters.yoy_pct,-4.9,calculated
ppi_lobsters_winter_peak.2025.period,2025-03,source-reported or period label
ppi_lobsters_winter_peak.2025.value,315.397,source-reported or period label
ppi_lobsters_winter_peak.2026.period,2026-03,source-reported or period label
ppi_lobsters_winter_peak.2026.value,334.154,source-reported or period label
ppi_lobsters_winter_peak.change_pct,5.9,calculated
ppi_seafood.period,2026-08,source-reported or period label
ppi_seafood.prior_year_period,2025-08,source-reported or period label
ppi_seafood.prior_year_value,440.19,source-reported or period label
ppi_seafood.two_years_back_period,2024-08,source-reported or period label
ppi_seafood.two_years_back_value,411.26,source-reported or period label
ppi_seafood.value,490.975,source-reported or period label
ppi_seafood.vs_two_years_pct,19.4,calculated
ppi_seafood.yoy_pct,11.5,calculated
